id,name,continent,1990,1990_rank,1991,1991_hdi,1992,1992_rank,1993,1993_rank,1994,1994_rank,1995,1995_rank,1996,1996_rank,1997,1997_rank,1998,1998_rank,1999,1999_rank,2000,2000_rank,2001,2001_rank,2002,2002_rank,2003,2003_rank,2004,2004_rank,2005,2005_rank,2006,2006_rank,2007,2007_rank,2008,2008_rank,2009,2009_rank,2010,2010_rank,2011,2011_rank,2012,2012_rank,2013,2013_rank,2014,2014_rank,2015,2015_rank,2016,2016_rank,2017,2017_rank
AFG,Afghanistan,Asia,,,,,,,,,,,,,,,,,,,0.35,141,0.387,157,0.377,159,0.374,160,0.335,168,0.373,168,0.378,175,0.383,175,0.394,175,0.399,175,0.404,175,0.407,178,0.417,178,0.42,178,0.429,177,0.431,178,0.432,179,0.432,180,0.435,181
ALB,Albania,Europe,0.645,63,0.626,72,0.67,54,0.677,54,0.682,52,0.687,53,0.691,55,0.697,54,0.703,56,0.707,55,0.711,60,0.714,63,0.717,62,0.721,64,0.725,65,0.728,69,0.734,68,0.742,69,0.75,69,0.752,69,0.754,70,0.76,69,0.772,64,0.776,65,0.78,65,0.788,63,0.791,63,0.794,63
DZA,Algeria,Africa,0.577,90,0.581,90,0.606,78,0.612,80,0.619,78,0.625,79,0.634,79,0.642,76,0.649,76,0.649,77,0.653,90,0.656,92,0.658,96,0.657,98,0.671,96,0.683,98,0.691,99,0.704,93,0.71,93,0.715,92,0.719,90,0.725,89,0.725,92,0.735,87,0.738,88,0.742,90,0.747,89,0.747,90
AND,Andorra,Europe,,,,,0.536,98,0.531,100,0.524,101,0.52,107,0.513,108,0.504,109,0.492,110,0.483,112,0.471,131,0.464,133,0.455,142,0.454,147,0.465,147,0.48,147,0.496,146,0.507,145,0.517,144,0.527,144,0.538,145,0.55,144,0.561,143,0.572,143,0.58,141,0.584,141,0.586,141,0.588,144
AGO,Angola,Africa,,,,,0.283,135,0.287,138,0.291,138,0.295,142,0.299,141,0.307,140,0.314,140,0.322,143,0.329,163,0.336,162,0.345,164,0.336,167,0.361,169,0.371,176,0.38,176,0.39,176,0.396,176,0.399,177,0.404,180,0.418,176,0.428,176,0.435,176,0.44,176,0.443,177,0.449,177,0.459,175
ATG,Antigua and Barbuda,North America,,,,,0.432,112,0.426,114,0.423,115,0.422,121,0.422,123,0.422,126,0.428,125,0.426,126,0.431,146,0.448,141,0.451,144,0.458,146,0.464,148,0.466,153,0.472,155,0.484,153,0.492,153,0.499,152,0.506,153,0.515,152,0.526,153,0.535,152,0.543,151,0.548,150,0.553,150,0.556,151
ARG,Argentina,South America,0.704,47,0.713,42,0.72,37,0.725,37,0.728,39,0.731,40,0.738,40,0.746,41,0.753,41,0.764,39,0.771,41,0.776,42,0.769,45,0.775,45,0.78,47,0.782,48,0.787,48,0.792,46,0.795,46,0.799,45,0.813,43,0.819,44,0.818,45,0.82,46,0.82,46,0.822,47,0.822,47,0.825,47
ARM,Armenia,Europe,0.631,70,0.628,70,,,,,,,,,,,,,,,,,,,,,,,,,,,0.766,51,0.772,51,0.778,51,0.777,55,0.77,60,0.766,62,0.762,67,0.765,71,0.768,71,0.77,71,0.775,71,0.778,70,0.78,70
AUS,Australia,Oceania,0.866,1,0.867,1,0.862,3,0.87,3,0.885,1,0.883,1,0.888,1,0.894,1,0.906,1,0.911,1,0.917,1,0.916,1,0.918,1,0.924,1,0.934,1,0.932,1,0.936,1,0.938,1,0.938,1,0.938,1,0.942,1,0.943,1,0.942,1,0.946,1,0.946,1,0.948,1,0.951,1,0.953,1
AUT,Austria,Europe,0.795,14,0.8,14,0.801,16,0.814,14,0.827,12,0.839,11,0.844,11,0.849,10,0.855,10,0.861,10,0.867,11,0.871,12,0.874,13,0.878,14,0.886,13,0.891,12,0.889,16,0.892,16,0.896,14,0.899,14,0.905,11,0.899,17,0.898,19,0.915,11,0.919,12,0.918,14,0.92,14,0.922,14
AZE,Azerbaijan,Europe,,,,,0.481,106,0.476,108,0.473,109,0.467,114,0.466,115,0.459,115,0.453,116,0.448,119,0.44,144,0.442,145,0.435,149,0.428,154,0.428,160,0.43,165,0.435,165,0.442,165,0.439,167,0.45,166,0.467,166,0.478,164,0.505,159,0.516,155,0.525,154,0.529,154,0.532,155,0.535,156
BHS,Bahamas,North America,,,,,0.38,124,0.387,125,0.393,125,0.398,128,0.404,128,0.41,128,0.413,128,0.421,129,0.431,147,0.44,147,0.449,147,0.459,145,0.468,146,0.477,150,0.487,148,0.498,149,0.509,147,0.519,148,0.53,147,0.54,147,0.549,147,0.558,147,0.564,146,0.569,147,0.574,147,0.578,148
BHR,Bahrain,Asia,0.746,28,0.752,27,0.78,22,0.786,22,0.794,22,0.8,23,0.806,22,0.814,21,0.819,21,0.824,21,0.83,22,0.837,22,0.842,22,0.847,23,0.852,23,0.857,24,0.862,24,0.866,26,0.868,26,0.868,26,0.87,26,0.875,26,0.874,26,0.876,26,0.874,28,0.876,28,0.878,28,0.88,28
BGD,Bangladesh,Asia,0.387,121,0.394,121,0.546,95,0.557,97,0.567,94,0.577,94,0.585,91,0.595,89,0.604,89,0.607,89,0.615,101,0.62,100,0.628,101,0.635,102,0.643,103,0.651,104,0.659,105,0.656,108,0.659,110,0.659,112,0.671,109,0.666,116,0.67,116,0.671,118,0.67,119,0.674,119,0.679,119,0.674,121
BRB,Barbados,North America,0.716,40,0.718,40,0.711,44,0.714,41,0.718,42,0.722,44,0.727,44,0.731,44,0.736,44,0.738,46,0.743,49,0.746,50,0.748,51,0.756,50,0.765,49,0.77,49,0.777,49,0.783,49,0.791,48,0.796,47,0.808,46,0.823,42,0.835,39,0.844,39,0.852,37,0.854,37,0.854,38,0.853,40
BLR,Belarus,Europe,,,,,,,,,,,,,,,,,,,0.374,139,0.387,156,0.401,154,0.418,153,0.429,153,0.442,154,0.455,158,0.471,156,0.492,150,0.502,150,0.522,146,0.52,150,0.535,149,0.543,149,0.554,149,0.564,147,0.572,145,0.577,145,0.581,147
BEL,Belgium,Europe,0.806,10,0.81,11,0.835,6,0.839,7,0.864,4,0.861,4,0.866,4,0.865,5,0.867,6,0.87,6,0.876,6,0.879,6,0.878,10,0.883,9,0.886,12,0.891,11,0.897,10,0.904,9,0.906,8,0.906,8,0.91,7,0.921,6,0.921,6,0.923,6,0.924,8,0.926,11,0.928,11,0.931,10
BLZ,Belize,North America,0.644,64,0.651,63,0.589,81,0.597,81,0.599,83,0.607,84,0.615,83,0.624,82,0.635,82,0.643,79,0.655,89,0.662,88,0.672,89,0.679,89,0.685,90,0.69,96,0.701,89,0.708,89,0.71,92,0.718,90,0.734,81,0.753,71,0.76,72,0.771,70,0.778,68,0.783,65,0.787,65,0.791,64
BEN,Benin,Africa,0.348,130,0.354,130,0.438,111,0.445,113,0.452,113,0.46,115,0.467,114,0.473,114,0.48,112,0.488,110,0.493,127,0.498,127,0.504,128,0.517,129,0.526,130,0.535,134,0.545,134,0.556,135,0.564,135,0.57,135,0.581,136,0.591,134,0.6,131,0.607,132,0.618,130,0.627,131,0.636,129,0.64,130
BTN,Bhutan,Asia,,,,,0.355,129,0.363,131,0.364,131,0.398,129,0.385,131,0.404,129,0.404,129,0.405,131,0.399,151,0.4,155,0.37,162,0.374,163,0.375,167,0.38,174,0.389,174,0.4,174,0.417,172,0.431,172,0.441,173,0.45,171,0.455,171,0.461,172,0.468,170,0.47,171,0.474,170,0.477,171
BOL,Bolivia,South America,0.536,96,0.543,95,0.583,88,0.589,87,0.6,82,0.607,83,0.616,82,0.623,83,0.634,83,0.645,78,0.653,91,0.661,89,0.666,90,0.673,93,0.682,93,0.689,97,0.695,98,0.701,96,0.707,96,0.71,95,0.716,92,0.718,93,0.719,97,0.723,96,0.725,96,0.728,97,0.732,97,0.735,96
BIH,Bosnia and Herzegovina,Europe,,,,,0.568,90,0.571,92,0.576,89,0.579,91,0.583,93,0.587,94,0.59,96,0.589,97,0.59,112,0.597,113,0.6,114,0.61,113,0.623,112,0.635,111,0.643,111,0.649,113,0.646,114,0.648,116,0.644,121,0.642,121,0.631,127,0.572,142,0.55,149,0.538,153,0.536,153,0.536,155
BWA,Botswana,Africa,0.581,84,0.588,84,0.589,82,0.597,82,0.604,80,0.611,82,0.619,81,0.625,81,0.63,84,0.64,82,0.649,92,0.657,91,0.666,91,0.674,90,0.683,92,0.693,93,0.699,92,0.71,86,0.714,88,0.718,89,0.724,88,0.727,87,0.731,87,0.728,92,0.735,91,0.741,91,0.748,88,0.755,84
BRA,Brazil,South America,0.611,79,0.615,79,0.622,72,0.63,73,0.64,72,0.648,73,0.656,70,0.664,68,0.67,66,0.676,65,0.684,71,0.691,70,0.698,68,0.695,74,0.698,78,0.7,82,0.702,88,0.705,91,0.716,87,0.718,88,0.727,87,0.731,85,0.736,86,0.748,80,0.752,80,0.757,79,0.758,79,0.759,79
BRN,Brunei Darussalam,Asia,0.782,18,0.787,20,,,,,,,,,,,,,,,,,0.862,13,0.868,13,0.873,14,0.878,15,0.883,16,0.886,16,0.89,15,0.893,15,0.899,13,0.899,13,0.904,12,0.909,9,0.913,9,0.912,12,0.911,16,0.912,18,0.915,18,0.916,18
BGR,Bulgaria,Europe,0.694,51,0.691,50,0.691,49,0.69,49,0.691,49,0.696,49,0.702,49,0.704,51,0.709,50,0.708,54,0.712,59,0.722,57,0.729,55,0.738,56,0.745,57,0.75,58,0.756,58,0.764,58,0.771,59,0.774,57,0.779,57,0.782,56,0.786,57,0.792,57,0.797,56,0.807,52,0.81,51,0.813,51
BFA,Burkina Faso,Africa,,,,,,,,,,,,,,,,,,,,,,,,,,,,,,,,,,,,,,,,,0.413,176,0.416,179,0.388,186,0.392,186,0.397,186,0.399,186,0.394,186,0.388,187
BDI,Burundi,Africa,0.297,136,0.3,137,0.402,118,0.409,120,0.417,119,0.425,120,0.433,119,0.442,118,0.451,118,0.46,117,0.468,132,0.477,131,0.483,132,0.49,133,0.497,135,0.505,139,0.513,139,0.52,140,0.523,141,0.535,141,0.545,141,0.557,141,0.567,142,0.575,140,0.583,139,0.592,139,0.597,138,0.608,136
CPV,Cape Verde,Africa,,,,,,,,,,,,,,,,,,,,,,,,,0.373,161,0.383,162,0.398,164,0.408,169,0.417,170,0.429,168,0.437,168,0.453,165,0.463,167,0.471,167,0.482,166,0.487,165,0.491,166,0.493,166,0.494,168,0.498,168
KHM,Cambodia,Asia,0.364,127,0.368,127,0.49,105,0.495,107,0.5,106,0.507,109,0.515,107,0.523,107,0.531,107,0.539,107,0.546,123,0.554,123,0.56,123,0.564,124,0.567,127,0.571,131,0.579,131,0.59,129,0.598,128,0.604,128,0.611,129,0.619,129,0.613,130,0.616,129,0.643,127,0.645,127,0.649,126,0.65,127
CMR,Cameroon,Africa,0.44,112,0.436,113,0.62,73,0.618,77,0.595,85,0.594,89,0.591,89,0.593,91,0.593,92,0.595,95,0.597,108,0.607,108,0.617,106,0.63,103,0.64,105,0.648,108,0.656,107,0.661,106,0.666,105,0.662,106,0.67,110,0.677,109,0.684,108,0.693,107,0.696,108,0.693,111,0.697,110,0.7,112
CAN,Canada,North America,0.849,4,0.853,4,0.773,23,0.781,24,0.789,24,0.795,25,0.801,24,0.809,24,0.84,17,0.849,16,0.857,16,0.863,16,0.871,15,0.88,13,0.89,9,0.896,8,0.902,7,0.908,5,0.908,7,0.906,7,0.909,8,0.895,19,0.902,17,0.911,16,0.921,10,0.929,6,0.934,5,0.938,4
CAF,Central African Rep.,Africa,0.317,134,0.312,135,,,,,,,,,,,,,,,,,,,,,,,,,,,0.51,136,0.521,137,0.535,136,0.543,136,0.554,136,0.566,137,0.575,137,0.585,137,0.589,136,0.599,134,0.603,135,0.609,135,0.612,134
TCD,Chad,Africa,,,,,0.299,133,0.299,136,0.301,136,0.303,140,0.3,140,0.302,141,0.304,141,0.308,145,0.309,164,0.311,165,0.312,169,0.311,172,0.315,177,0.319,185,0.325,185,0.331,185,0.337,185,0.343,185,0.351,187,0.358,187,0.365,187,0.344,187,0.349,187,0.357,187,0.362,187,0.367,188
CHL,Chile,South America,0.701,48,0.711,44,,,,,,,,,,,,,,,,,0.704,63,0.716,60,0.725,59,0.736,58,0.742,59,0.748,59,0.752,61,0.764,59,0.782,52,0.789,50,0.793,49,0.795,51,0.804,48,0.812,47,0.815,47,0.822,48,0.822,48,0.821,48
CHN,China,Asia,0.502,102,0.51,102,,,,,,,0.539,103,0.553,102,0.568,102,0.58,98,0.595,96,0.606,106,0.61,106,0.615,108,0.63,104,0.635,107,0.631,114,0.643,112,0.651,111,0.66,109,0.66,108,0.671,108,0.682,105,0.688,105,0.696,105,0.705,103,0.71,102,0.712,102,0.717,102
COL,Colombia,South America,0.592,82,0.595,82,,,,,,,,,,,,,,,,,0.669,86,0.673,86,0.679,87,0.686,87,0.693,85,0.702,81,0.708,83,0.712,84,0.728,80,0.731,80,0.735,80,0.738,80,0.74,82,0.743,84,0.747,84,0.754,81,0.756,81,0.757,82
COM,Comoros,Africa,,,,,0.208,140,0.214,142,0.221,142,0.229,147,0.253,146,0.266,146,0.279,145,0.291,148,0.298,168,0.311,166,0.318,167,0.333,169,0.343,172,0.357,179,0.365,179,0.378,178,0.388,180,0.397,180,0.403,182,0.407,182,0.412,180,0.423,180,0.427,180,0.432,180,0.435,179,0.437,180
COG,Congo,Africa,0.536,97,0.535,97,0.645,66,0.653,68,0.655,66,0.657,67,0.66,69,0.661,71,0.662,72,0.664,73,0.662,87,0.673,87,0.677,88,0.673,92,0.691,88,0.695,89,0.7,90,0.705,92,0.708,95,0.709,96,0.712,96,0.715,97,0.721,95,0.726,95,0.728,95,0.73,95,0.732,96,0.732,97
COD,Dem. Rep. Congo,Africa,0.356,129,0.353,131,0.587,87,0.589,86,0.591,88,0.588,90,0.581,94,0.575,98,0.569,101,0.56,104,0.558,118,0.557,122,0.554,124,0.556,126,0.557,128,0.556,133,0.56,133,0.568,134,0.575,134,0.583,134,0.594,132,0.607,131,0.617,128,0.628,127,0.636,128,0.642,128,0.645,128,0.647,129
CRI,Costa Rica,North America,0.656,59,0.661,59,,,0.675,56,0.667,62,0.664,63,0.666,62,0.669,62,0.672,62,0.676,63,0.685,69,0.7,66,0.713,65,0.725,63,0.737,60,0.747,61,0.754,59,0.759,61,0.759,63,0.763,63,0.765,63,0.772,62,0.781,59,0.788,58,0.793,58,0.797,58,0.797,60,0.8,59
CIV,Ivory Coast,Africa,0.388,120,0.387,123,0.541,96,0.561,95,0.561,96,0.553,100,0.573,97,0.582,95,0.596,91,0.603,91,0.607,104,0.614,102,0.616,107,0.603,115,0.628,111,0.631,115,0.636,115,0.638,116,0.643,116,0.646,119,0.649,119,0.656,119,0.659,120,0.666,120,0.666,120,0.668,120,0.672,120,0.685,120
HRV,Croatia,Europe,0.67,57,0.665,57,0.66,58,0.668,57,0.675,56,0.683,57,0.695,53,0.706,49,0.71,49,0.716,49,0.725,54,0.723,55,0.725,58,0.731,60,0.734,62,0.731,65,0.737,66,0.75,66,0.761,62,0.765,62,0.772,60,0.778,59,0.781,58,0.785,59,0.79,59,0.795,59,0.799,58,0.802,57
CUB,Cuba,North America,0.676,55,0.67,56,0.7,46,0.703,45,0.709,45,0.711,45,0.717,45,0.727,45,0.735,46,0.737,47,0.742,51,0.746,51,0.747,52,0.75,52,0.754,52,0.756,53,0.761,55,0.762,60,0.766,60,0.778,56,0.773,59,0.782,57,0.79,56,0.797,54,0.801,54,0.8,56,0.802,56,0.804,55
CYP,Cyprus,Asia,0.732,33,0.735,32,0.714,42,0.725,38,0.734,37,0.74,39,0.748,38,0.759,37,0.769,37,0.778,37,0.785,37,0.791,35,0.799,34,0.804,36,0.802,37,0.808,38,0.814,38,0.819,38,0.824,38,0.828,37,0.835,35,0.839,35,0.836,38,0.85,37,0.842,40,0.855,34,0.86,34,0.865,33
CZE,Czechia,Europe,0.73,35,0.726,38,,,,,,,,,,,,,,,,,0.759,45,0.767,44,0.78,42,0.82,33,0.826,32,0.819,36,0.829,34,0.829,35,0.831,35,0.83,35,0.828,37,0.827,39,0.849,34,0.85,36,0.853,36,0.854,36,0.856,35,0.858,35
DNK,Denmark,Europe,0.799,13,0.804,13,0.867,2,0.871,2,0.875,3,0.877,3,0.879,3,0.881,3,0.884,4,0.885,4,0.885,5,0.887,5,0.889,5,0.893,6,0.895,7,0.898,7,0.901,8,0.905,7,0.91,5,0.91,5,0.914,5,0.917,7,0.918,8,0.916,9,0.918,13,0.92,12,0.922,12,0.924,13
DJI,Djibouti,Africa,,,,,0.243,137,0.249,140,0.256,140,0.262,144,0.271,143,0.281,144,0.291,144,0.302,146,0.308,165,0.321,164,0.33,166,0.343,166,0.352,171,0.363,178,0.372,178,0.367,180,0.39,179,0.398,178,0.403,181,0.408,181,0.408,181,0.408,183,0.414,183,0.418,182,0.421,181,0.427,182
DMA,Dominica,North America,,,,,0.358,128,0.365,130,0.368,129,0.373,132,0.377,132,0.381,133,0.385,133,0.391,134,0.398,152,0.41,150,0.419,152,0.426,155,0.434,156,0.44,161,0.447,162,0.455,162,0.462,163,0.468,164,0.473,163,0.479,163,0.489,164,0.5,162,0.505,162,0.508,161,0.512,161,0.515,163
DOM,Dominican Republic,North America,0.598,81,0.603,81,,,,,,,,,,,,,,,,,,,,,,,,,,,0.732,64,0.731,70,0.743,68,0.75,68,0.756,66,0.758,67,0.76,68,0.751,76,0.751,79,0.751,81,0.752,82,0.753,82,0.757,81
ECU,Ecuador,South America,0.643,66,0.646,65,0.673,52,0.68,52,0.684,51,0.688,52,0.694,54,0.7,53,0.708,52,0.713,51,0.719,56,0.722,56,0.728,56,0.73,61,0.735,61,0.739,63,0.744,64,0.751,65,0.755,66,0.756,65,0.758,66,0.764,66,0.771,65,0.776,66,0.781,64,0.781,67,0.785,67,0.789,66
EGY,Egypt,Africa,0.546,94,0.55,94,0.612,75,0.618,78,0.623,76,0.629,78,0.635,77,0.641,78,0.646,77,0.651,76,0.657,88,0.66,90,0.664,92,0.666,95,0.668,99,0.675,101,0.682,100,0.691,100,0.695,100,0.696,100,0.703,100,0.706,101,0.71,102,0.713,101,0.718,100,0.729,96,0.733,95,0.736,94
SLV,El Salvador,North America,0.529,99,0.534,98,,,,,,,,,,,,,,,,,0.673,79,0.677,82,0.682,84,0.689,82,0.692,86,0.697,86,0.704,86,0.709,87,0.71,91,0.713,93,0.715,93,0.717,94,0.718,99,0.721,98,0.72,98,0.72,101,0.721,99,0.723,99
GNQ,Equatorial Guinea,Africa,,,,,0.342,131,0.346,133,0.349,133,0.353,137,0.36,136,0.364,136,0.371,136,0.378,137,0.385,158,0.393,158,0.397,158,0.403,159,0.412,162,0.416,167,0.421,168,0.427,169,0.435,169,0.438,170,0.441,172,0.44,173,0.445,173,0.453,173,0.454,173,0.457,173,0.457,173,0.46,174
ERI,Eritrea,Africa,,,,,0.297,134,0.299,137,0.298,137,0.296,141,0.294,142,0.296,142,0.3,143,0.3,147,0.303,166,0.302,168,0.31,171,0.316,171,0.324,175,0.33,182,0.35,182,0.361,182,0.372,182,0.387,181,0.395,183,0.403,183,0.408,182,0.414,182,0.421,182,0.418,181,0.418,183,0.417,185
EST,Estonia,Europe,0.733,32,0.728,36,0.74,33,0.777,25,0.781,25,0.786,26,0.789,26,0.792,29,0.8,27,0.799,29,0.802,30,0.807,30,0.816,31,0.824,30,0.828,30,0.831,31,0.837,31,0.846,30,0.852,30,0.856,30,0.85,30,0.853,29,0.852,31,0.853,33,0.856,32,0.86,32,0.867,32,0.869,32
SWZ,Eswatini,Africa,0.536,98,0.537,96,0.656,61,0.66,62,0.668,61,0.671,60,0.671,61,0.671,61,0.674,61,0.676,62,0.673,76,0.677,81,0.683,82,0.692,79,0.693,83,0.693,91,0.695,97,0.698,99,0.702,98,0.706,98,0.712,97,0.716,96,0.717,100,0.716,99,0.717,101,0.721,100,0.724,98,0.726,98
ETH,Ethiopia,Africa,,,,,,,,,,,,,,,,,,,,,0.286,169,0.29,171,0.296,173,0.303,175,0.312,178,0.324,184,0.333,183,0.344,183,0.357,183,0.366,183,0.375,185,0.385,185,0.394,184,0.401,184,0.405,184,0.412,184,0.42,182,0.423,183
FJI,Fiji,Oceania,0.643,67,0.651,64,0.702,45,0.685,50,0.689,50,0.695,51,0.699,51,0.705,50,0.708,51,0.704,56,0.711,61,0.716,59,0.72,61,0.726,62,0.734,63,0.742,62,0.747,63,0.751,64,0.757,65,0.759,64,0.759,64,0.769,64,0.768,67,0.771,68,0.775,69,0.78,68,0.785,68,0.787,67
FIN,Finland,Europe,0.784,16,0.787,19,0.825,8,0.836,9,0.845,8,0.851,8,0.854,8,0.86,9,0.863,8,0.865,8,0.869,8,0.873,10,0.881,8,0.884,8,0.886,11,0.888,15,0.891,14,0.894,14,0.894,16,0.898,16,0.899,17,0.902,15,0.905,16,0.907,18,0.91,17,0.914,16,0.915,16,0.917,16
FRA,France,Europe,0.779,20,0.788,17,0.805,15,0.807,16,0.813,17,0.817,17,0.82,18,0.824,19,0.835,19,0.834,20,0.838,21,0.849,21,0.838,24,0.842,24,0.849,24,0.855,25,0.861,26,0.881,20,0.884,19,0.886,18,0.895,18,0.897,18,0.899,18,0.897,20,0.901,20,0.903,20,0.906,20,0.908,20
GAB,Gabon,Africa,0.62,74,0.625,75,0.658,59,0.663,60,0.67,57,0.669,61,0.677,59,0.683,59,0.69,59,0.695,59,0.702,65,0.705,65,0.71,66,0.717,67,0.724,66,0.728,70,0.736,67,0.739,71,0.742,70,0.743,71,0.743,75,0.751,75,0.757,74,0.756,76,0.761,76,0.767,75,0.772,74,0.774,74
GMB,Gambia,Africa,0.333,132,0.337,133,,,,,,,,,,,,,,,,,0.507,126,0.513,126,0.523,127,0.525,128,0.519,131,0.496,142,0.536,135,0.581,133,0.599,127,0.61,126,0.619,127,0.624,128,0.599,132,0.614,130,0.61,132,0.63,129,0.631,130,0.625,132
GEO,Georgia,Asia,,,,,,,,,,,,,,,,,,,0.463,115,0.45,137,0.455,139,0.462,136,0.469,137,0.477,140,0.487,145,0.497,145,0.505,146,0.504,148,0.497,153,0.507,152,0.514,153,0.529,152,0.539,150,0.539,152,0.546,151,0.543,151,0.546,152
DEU,Germany,Europe,0.801,12,0.809,12,0.856,4,0.854,4,0.859,5,0.861,5,0.863,5,0.862,7,0.861,9,0.864,9,0.867,10,0.872,11,0.877,11,0.882,11,0.887,10,0.892,10,0.895,12,0.897,12,0.899,12,0.899,12,0.902,15,0.905,12,0.908,14,0.911,15,0.918,14,0.92,13,0.922,13,0.926,12
GHA,Ghana,Africa,0.455,110,0.46,111,0.624,71,0.626,74,0.63,74,0.632,76,0.634,78,0.637,79,0.64,78,0.636,83,0.633,97,0.636,97,0.639,99,0.641,99,0.641,104,0.647,109,0.647,110,0.652,110,0.653,112,0.661,107,0.665,112,0.67,112,0.678,112,0.687,111,0.693,111,0.694,110,0.698,109,0.702,110
GRC,Greece,Europe,0.753,27,0.763,26,0.728,36,0.735,36,0.744,35,0.753,35,0.768,34,0.774,34,0.775,36,0.785,34,0.796,33,0.806,32,0.813,32,0.822,32,0.825,33,0.835,30,0.843,29,0.85,28,0.854,29,0.857,29,0.862,28,0.865,28,0.865,28,0.874,28,0.879,27,0.882,27,0.885,27,0.888,27
GRD,Grenada,North America,,,,,0.37,126,0.37,128,0.369,128,0.371,133,0.372,134,0.375,134,0.381,134,0.388,135,0.395,154,0.403,153,0.413,155,0.423,156,0.434,157,0.448,160,0.458,160,0.468,158,0.477,157,0.486,157,0.493,157,0.499,156,0.506,156,0.507,158,0.515,156,0.528,155,0.533,154,0.538,154
GTM,Guatemala,North America,0.478,106,0.483,108,0.657,60,0.661,61,0.661,64,0.662,64,0.662,65,0.664,66,0.666,69,0.67,69,0.677,75,0.679,78,0.685,79,0.692,78,0.696,79,0.693,90,0.7,91,0.699,97,0.7,99,0.699,99,0.699,102,0.702,103,0.706,103,0.705,103,0.706,102,0.709,103,0.709,105,0.708,106
GIN,Guinea,Africa,0.276,137,0.28,138,0.535,99,0.528,102,0.524,102,0.507,108,0.504,109,0.505,108,0.509,109,0.496,109,0.49,128,0.495,129,0.497,130,0.498,131,0.501,133,0.5,140,0.503,143,0.52,141,0.536,138,0.55,137,0.557,138,0.56,139,0.573,138,0.582,137,0.595,136,0.613,133,0.612,133,0.606,137
GNB,Guinea-Bissau,Africa,,,,,0.264,136,0.269,139,0.271,139,0.274,143,0.269,144,0.268,145,0.272,146,0.276,149,0.284,170,0.299,169,0.315,168,0.325,170,0.334,173,0.342,181,0.35,181,0.363,181,0.373,181,0.381,182,0.385,184,0.392,184,0.407,183,0.419,181,0.423,181,0.413,183,0.413,184,0.419,184
GUY,Guyana,South America,0.538,95,0.533,99,0.648,65,0.659,64,0.67,58,0.684,55,0.686,57,0.689,58,0.693,58,0.697,58,0.702,64,0.708,64,0.713,64,0.719,65,0.726,64,0.729,68,0.732,69,0.735,73,0.736,76,0.734,78,0.728,85,0.726,88,0.726,90,0.727,93,0.73,93,0.733,94,0.735,94,0.735,95
HTI,Haiti,North America,0.409,114,0.409,115,0.635,68,0.641,69,0.645,70,0.649,71,0.647,74,0.644,75,0.639,79,0.634,85,0.63,98,0.61,105,0.617,105,0.615,110,0.613,116,0.614,120,0.616,120,0.621,121,0.633,120,0.642,120,0.649,120,0.657,118,0.664,118,0.675,117,0.685,113,0.692,113,0.696,112,0.699,114
HND,Honduras,North America,0.506,101,0.509,103,0.587,86,0.585,90,0.575,90,0.577,93,0.571,98,0.57,99,0.567,102,0.566,102,0.565,117,0.567,117,0.566,119,0.575,120,0.584,122,0.596,124,0.611,123,0.625,120,0.639,119,0.648,117,0.66,116,0.673,111,0.683,110,0.693,108,0.701,105,0.706,105,0.712,103,0.717,101
HKG,Hong Kong,Asia,0.781,19,0.786,21,0.824,9,0.829,10,0.835,10,0.84,10,0.845,10,0.848,11,0.847,14,0.85,14,0.855,17,0.859,18,0.862,19,0.865,18,0.869,18,0.873,18,0.877,19,0.88,21,0.881,21,0.88,22,0.885,22,0.89,22,0.895,20,0.899,19,0.903,19,0.905,19,0.907,19,0.909,19
HUN,Hungary,Europe,0.704,46,0.701,47,0.664,56,0.666,59,0.68,54,0.696,50,0.709,48,0.719,47,0.731,47,0.739,45,0.75,48,0.759,47,0.766,47,0.771,48,0.778,48,0.783,47,0.793,44,0.8,43,0.803,44,0.802,44,0.808,45,0.815,45,0.816,46,0.821,45,0.824,45,0.827,46,0.828,46,0.831,46
ISL,Iceland,Europe,0.802,11,0.815,10,0.809,13,0.815,13,0.824,13,0.831,13,0.837,13,0.843,13,0.849,12,0.861,11,0.863,12,0.876,9,0.883,7,0.894,5,0.898,4,0.903,4,0.905,5,0.904,8,0.909,6,0.906,6,0.91,6,0.922,5,0.924,5,0.931,4,0.928,5,0.926,10,0.928,10,0.929,11
IND,India,Asia,0.427,113,0.432,114,0.589,84,0.591,84,0.595,86,0.598,88,0.606,88,0.611,88,0.615,88,0.62,88,0.624,100,0.628,99,0.633,100,0.637,101,0.647,101,0.65,105,0.651,108,0.657,107,0.661,107,0.659,111,0.665,114,0.67,113,0.677,113,0.685,112,0.689,112,0.693,112,0.696,111,0.699,113
IDN,Indonesia,Asia,0.528,100,0.533,100,,,,,,,,,,,,,,,,,,,,,,,,,0.671,97,0.676,100,0.681,101,0.687,101,0.691,101,0.677,104,0.703,101,0.706,102,0.711,101,0.715,100,0.718,99,0.722,98,0.719,100,0.72,100
IRN,Iran,Asia,0.577,89,0.594,83,0.617,74,0.622,75,0.633,73,0.643,74,0.648,73,0.654,73,0.665,71,0.675,67,0.678,74,0.686,74,0.687,77,0.686,86,0.693,84,0.698,85,0.695,96,0.703,94,0.712,89,0.715,91,0.717,91,0.729,86,0.729,89,0.736,86,0.746,85,0.745,85,0.748,86,0.75,89
IRQ,Iraq,Asia,0.572,92,0.527,101,0.655,62,0.659,63,0.666,63,0.673,59,0.676,60,0.675,60,0.676,60,0.681,60,0.683,72,0.687,73,0.689,74,0.691,80,0.699,77,0.695,87,0.698,93,0.702,95,0.703,97,0.707,97,0.711,98,0.717,95,0.719,98,0.727,94,0.73,94,0.738,92,0.738,93,0.741,92
IRL,Ireland,Europe,0.763,24,0.767,23,0.798,17,0.804,17,0.818,16,0.825,15,0.83,15,0.834,16,0.839,18,0.845,19,0.849,20,0.851,20,0.853,20,0.857,20,0.86,21,0.869,21,0.874,20,0.876,23,0.878,23,0.878,23,0.882,24,0.884,24,0.886,24,0.889,24,0.894,24,0.898,24,0.899,24,0.901,24
ISR,Israel,Asia,0.792,15,0.8,15,0.795,18,0.799,18,0.809,18,0.816,18,0.823,17,0.832,17,0.84,16,0.848,18,0.858,15,0.864,15,0.867,16,0.87,16,0.891,8,0.895,9,0.899,9,0.901,10,0.904,9,0.899,9,0.903,13,0.907,10,0.908,12,0.912,13,0.914,15,0.915,15,0.918,15,0.92,15
ITA,Italy,Europe,0.769,22,0.774,22,0.807,14,0.812,15,0.818,15,0.823,16,0.828,16,0.835,15,0.843,15,0.85,15,0.853,19,0.857,19,0.865,17,0.865,17,0.868,19,0.872,19,0.872,21,0.881,19,0.88,22,0.882,21,0.887,21,0.892,21,0.893,21,0.895,21,0.899,21,0.901,21,0.902,22,0.903,22
JAM,Jamaica,North America,0.638,68,0.639,68,0.61,76,0.613,79,0.619,77,0.632,77,0.641,76,0.641,77,0.652,75,0.662,75,0.669,85,0.676,84,0.682,85,0.689,83,0.694,81,0.704,80,0.711,81,0.72,80,0.724,82,0.729,81,0.741,77,0.752,72,0.767,70,0.771,69,0.773,70,0.776,69,0.782,69,0.785,68
JPN,Japan,Asia,0.816,9,0.821,7,0.74,32,0.751,32,0.763,31,0.773,30,0.782,29,0.793,28,0.798,28,0.809,26,0.819,27,0.822,27,0.83,27,0.838,26,0.845,26,0.868,22,0.871,22,0.878,22,0.883,20,0.884,19,0.909,9,0.914,8,0.92,7,0.923,7,0.928,6,0.929,5,0.93,8,0.932,9
JOR,Jordan,Asia,0.617,78,0.627,71,0.651,63,0.653,67,0.654,67,0.658,66,0.66,68,0.664,67,0.667,68,0.67,68,0.672,80,0.68,77,0.688,76,0.687,85,0.7,76,0.714,76,0.727,74,0.744,67,0.753,67,0.753,68,0.759,65,0.771,63,0.774,63,0.776,64,0.778,67,0.775,70,0.766,77,0.761,78
KAZ,Kazakhstan,Asia,0.69,53,0.684,53,,,,,,,0.657,68,0.661,67,0.667,65,0.671,65,0.676,64,0.683,73,0.689,71,0.696,71,0.705,70,0.715,69,0.725,73,0.741,65,0.757,62,0.774,57,0.784,53,0.792,52,0.798,50,0.803,49,0.804,50,0.807,50,0.805,53,0.805,54,0.808,53
KEN,Kenya,Africa,0.468,108,0.466,109,0.692,48,0.695,47,0.7,47,0.704,46,0.709,47,0.715,48,0.718,48,0.722,48,0.727,53,0.731,53,0.735,53,0.743,53,0.743,58,0.747,60,0.751,62,0.752,63,0.757,64,0.755,67,0.755,68,0.707,100,0.741,81,0.707,102,0.695,109,0.694,109,0.693,114,0.706,108
KIR,Kiribati,Oceania,,,,,,,,,,,0.355,136,0.353,137,0.357,137,0.359,138,0.362,140,0.363,160,0.372,160,0.378,159,0.388,161,0.396,165,0.405,172,0.416,171,0.426,170,0.435,170,0.441,169,0.449,170,0.454,170,0.459,170,0.463,170,0.467,171,0.47,172,0.474,171,0.476,172
KOR,South Korea,Asia,0.728,36,0.739,30,0.713,43,0.701,46,0.697,48,0.703,47,0.712,46,0.724,46,0.736,45,0.744,43,0.756,46,0.768,43,0.779,43,0.791,42,0.798,38,0.809,37,0.817,37,0.825,37,0.831,36,0.822,39,0.824,39,0.828,38,0.831,40,0.836,41,0.851,38,0.852,39,0.855,37,0.858,36
KWT,Kuwait,Asia,0.713,41,0.673,54,0.678,51,0.667,58,0.668,60,0.673,58,0.68,58,0.692,57,0.705,53,0.716,50,0.728,52,0.745,52,0.76,48,0.774,47,0.788,43,0.802,40,0.809,40,0.818,39,0.821,40,0.818,40,0.816,42,0.821,43,0.824,43,0.833,43,0.838,42,0.841,42,0.844,43,0.847,41
KGZ,Kyrgyzstan,Asia,0.618,77,0.611,80,,,,,,,,,,,,,,,,,0.672,81,0.677,83,0.683,83,0.688,84,0.694,82,0.7,84,0.706,84,0.712,85,0.719,85,0.72,86,0.713,95,0.721,92,0.739,84,0.747,81,0.754,79,0.755,80,0.766,78,0.768,77
LAO,Laos ,Asia,0.4,118,0.405,118,0.55,93,0.557,96,0.564,95,0.571,96,0.578,95,0.58,96,0.591,94,0.6,93,0.608,103,0.611,104,0.617,104,0.621,109,0.622,113,0.624,117,0.63,117,0.631,118,0.64,118,0.647,118,0.649,118,0.655,120,0.662,119,0.668,119,0.675,118,0.681,118,0.689,118,0.693,118
LVA,Latvia,Europe,0.704,45,0.699,48,,,0.719,40,0.733,38,0.741,38,0.746,39,0.747,40,0.754,40,0.761,41,0.769,42,0.777,41,0.784,40,0.792,40,0.795,40,0.804,39,0.811,39,0.813,41,0.818,41,0.818,41,0.823,40,0.827,40,0.83,41,0.835,42,0.833,43,0.834,44,0.835,45,0.838,45
LBN,Lebanon,Asia,,,,,,,,,,,,,,,,,,,,,,,,,,,0.443,150,0.462,149,0.465,155,0.475,154,0.479,155,0.485,155,0.49,155,0.484,161,0.494,158,0.512,154,0.519,154,0.524,155,0.527,156,0.53,156,0.532,157
LSO,Lesotho,Africa,0.499,103,0.499,104,,,,,,,,,,,,,,,,,0.693,66,0.697,67,0.696,70,0.702,72,0.704,73,0.705,79,0.711,80,0.715,82,0.72,83,0.72,85,0.722,89,0.722,90,0.721,94,0.721,97,0.724,97,0.721,99,0.718,101,0.715,103
LBR,Liberia,Africa,,,,,,,,,,,,,,,,,,,,,0.299,167,0.306,167,0.311,170,0.309,174,0.323,176,0.33,183,0.332,184,0.342,184,0.348,184,0.363,184,0.371,186,0.382,186,0.391,185,0.397,185,0.403,185,0.407,185,0.405,185,0.404,186
LBY,Libya,Africa,0.677,54,0.688,51,,,,,,,,,,,,,,,,,0.776,40,0.779,40,0.781,41,0.782,43,0.784,45,0.786,45,0.788,46,0.789,47,0.79,49,0.787,52,0.789,53,0.793,53,0.807,47,0.807,48,0.807,49,0.807,51,0.806,53,0.807,54
LIE,Liechtenstein,Europe,,,,,0.458,110,0.462,111,0.466,111,0.469,113,0.474,113,0.477,112,0.481,111,0.486,111,0.49,129,0.496,128,0.499,129,0.505,130,0.51,132,0.517,135,0.526,136,0.53,137,0.53,139,0.538,140,0.542,144,0.548,145,0.551,146,0.56,146,0.567,144,0.58,143,0.584,144,0.589,143
LTU,Lithuania,Europe,0.732,34,0.728,37,0.742,31,0.748,33,0.756,33,0.764,32,0.771,33,0.778,31,0.785,31,0.791,30,0.798,31,0.803,33,0.808,33,0.813,34,0.818,34,0.825,33,0.83,33,0.835,33,0.838,33,0.835,33,0.836,34,0.841,34,0.846,35,0.851,35,0.855,33,0.86,33,0.862,33,0.863,34
LUX,Luxembourg,Europe,0.782,17,0.79,16,0.825,7,0.839,8,0.845,7,0.852,7,0.857,7,0.862,8,0.866,7,0.868,7,0.873,7,0.876,8,0.879,9,0.882,10,0.885,14,0.889,13,0.896,11,0.899,11,0.899,11,0.899,11,0.903,14,0.904,13,0.905,15,0.908,17,0.909,18,0.913,17,0.915,17,0.916,17
MDG,Madagascar,Africa,,,,,,,,,,,,,,,,,,,,,,,,,,,,,,,0.408,171,0.409,172,0.411,172,0.407,174,0.416,174,0.416,175,0.417,177,0.422,177,0.425,179,0.428,179,0.433,178,0.436,178,0.44,179
MWI,Malawi,Africa,0.34,131,0.346,132,,,,,,,,,,,,,,,,,0.552,120,0.558,120,0.564,121,0.57,122,0.575,123,0.582,127,0.587,126,0.592,128,0.596,129,0.603,129,0.608,130,0.613,130,0.616,129,0.619,128,0.618,129,0.627,130,0.627,131,0.627,131
MYS,Malaysia,Asia,0.643,65,0.652,62,0.633,69,0.638,70,0.643,71,0.648,72,0.652,72,0.656,72,0.662,73,0.667,72,0.673,77,0.682,75,0.687,78,0.695,75,0.704,74,0.713,77,0.72,78,0.728,79,0.734,77,0.741,73,0.749,71,0.758,70,0.767,69,0.772,67,0.782,63,0.782,66,0.788,64,0.79,65
MDV,Maldives,Asia,,,,,0.305,132,0.312,135,0.315,135,0.321,139,0.338,138,0.353,138,0.368,137,0.384,136,0.398,153,0.406,152,0.421,151,0.43,152,0.43,158,0.437,162,0.449,161,0.459,161,0.47,160,0.477,159,0.486,159,0.49,161,0.492,163,0.496,164,0.5,164,0.505,162,0.508,162,0.516,162
MLI,Mali,Africa,0.231,140,0.238,140,0.464,108,0.468,110,0.47,110,0.473,112,0.474,112,0.476,113,0.477,114,0.48,113,0.484,130,0.483,130,0.489,131,0.49,132,0.498,134,0.509,137,0.519,138,0.53,138,0.542,137,0.547,138,0.554,139,0.563,138,0.57,139,0.577,139,0.576,142,0.585,140,0.588,140,0.592,140
MLT,Malta,Europe,0.74,29,0.745,29,0.749,29,0.753,31,0.756,32,0.759,34,0.763,36,0.768,36,0.776,35,0.78,35,0.783,38,0.788,38,0.792,37,0.8,37,0.809,36,0.824,35,0.822,36,0.827,36,0.829,37,0.83,36,0.843,32,0.843,33,0.849,33,0.856,31,0.862,31,0.871,29,0.875,29,0.878,29
MHL,Marshall Islands,Oceania,,,,,,,,,,,,,,,,,,,,,,,,,,,,,0.449,153,0.455,157,0.461,158,0.466,159,0.47,159,0.476,160,0.482,162,0.487,162,0.493,162,0.499,163,0.501,163,0.502,163,0.502,163,0.503,165
MRT,Mauritania,Africa,0.374,124,0.379,125,0.505,102,0.509,104,0.514,105,0.524,106,0.534,106,0.543,103,0.552,104,0.562,103,0.57,115,0.577,115,0.583,117,0.587,118,0.592,120,0.596,123,0.6,124,0.607,124,0.614,125,0.615,125,0.621,126,0.627,126,0.633,126,0.639,126,0.649,123,0.652,123,0.657,123,0.658,124
MUS,Mauritius,Africa,0.619,75,0.626,73,,,,,,,,,,,,,,,,,,,,,0.702,67,0.711,68,0.713,70,0.727,71,0.729,73,0.735,74,0.739,73,0.738,76,0.743,76,0.747,76,0.749,78,0.754,77,0.761,77,0.767,76,0.77,75,0.772,75
MEX,Mexico,North America,0.65,61,0.654,60,,,,,,,,,,,,,,,,,0.743,50,0.747,49,0.751,50,0.754,51,0.758,51,0.76,52,0.762,54,0.765,57,0.764,61,0.767,61,0.769,61,0.775,60,0.778,61,0.78,61,0.786,61,0.793,60,0.798,59,0.798,61
FSM,Micronesia,Asia,,,,,0.406,115,0.414,117,0.417,117,0.418,122,0.427,122,0.431,121,0.435,121,0.439,123,0.442,143,0.444,143,0.446,148,0.449,149,0.45,152,0.453,159,0.458,159,0.462,160,0.466,161,0.47,161,0.47,164,0.477,165,0.481,167,0.486,166,0.49,167,0.493,167,0.496,167,0.498,169
MDA,Moldova ,Europe,0.651,60,0.64,67,0.608,77,0.62,76,0.629,75,0.64,75,0.647,75,0.653,74,0.659,74,0.664,74,0.67,84,0.678,80,0.683,81,0.689,81,0.691,87,0.695,88,0.731,71,0.736,72,0.741,72,0.747,70,0.755,69,0.766,65,0.781,60,0.784,60,0.788,60,0.789,62,0.796,61,0.798,60
MNG,Mongolia,Asia,0.579,87,0.574,92,0.65,64,0.654,66,0.658,65,0.662,65,0.664,64,0.668,64,0.671,64,0.668,70,0.67,83,0.675,85,0.679,86,0.682,88,0.688,89,0.693,92,0.696,95,0.698,98,0.711,90,0.712,94,0.715,94,0.721,91,0.726,91,0.734,88,0.742,87,0.743,88,0.749,85,0.752,87
MNE,Montenegro,Europe,,,,,0.373,125,0.377,127,0.38,127,0.387,131,0.391,129,0.397,130,0.402,130,0.407,130,0.42,149,0.434,148,0.453,143,0.466,140,0.478,139,0.49,144,0.502,144,0.513,144,0.521,143,0.521,147,0.537,146,0.546,146,0.553,145,0.56,145,0.566,145,0.571,146,0.576,146,0.582,146
MAR,Morocco,Africa,0.458,109,0.464,110,,,,,,,,,,,,,,,,,,,,,,,,,,,,,,,,,,,,,0.673,106,0.68,107,0.686,107,0.692,109,0.697,107,0.701,107,0.705,106,0.706,109
MOZ,Mozambique,Africa,0.209,142,0.212,143,0.463,109,0.458,112,0.457,112,0.456,116,0.455,116,0.453,116,0.452,117,0.451,118,0.451,136,0.456,137,0.456,140,0.468,138,0.48,138,0.49,143,0.505,142,0.514,142,0.523,142,0.533,142,0.543,143,0.552,143,0.559,144,0.566,144,0.572,143,0.578,144,0.585,143,0.59,142
MMR,Myanmar,Asia,0.359,128,0.366,129,0.597,80,0.579,91,0.558,97,0.55,101,0.534,104,0.538,106,0.541,106,0.544,106,0.55,122,0.558,121,0.568,118,0.578,119,0.587,121,0.593,125,0.599,125,0.604,125,0.618,124,0.62,124,0.634,123,0.637,124,0.642,123,0.646,122,0.645,125,0.645,126,0.647,127,0.65,128
NAM,Namibia,Africa,0.579,88,0.582,89,0.692,47,0.681,51,0.668,59,0.664,62,0.661,66,0.663,69,0.665,70,0.667,71,0.671,82,0.681,76,0.689,75,0.699,73,0.706,72,0.715,75,0.721,76,0.729,78,0.733,78,0.727,82,0.733,82,0.738,81,0.743,80,0.745,82,0.748,82,0.743,87,0.746,90,0.751,88
NPL,Nepal,Asia,0.378,123,0.386,124,0.468,107,0.474,109,0.485,108,0.489,111,0.499,110,0.503,110,0.51,108,0.52,108,0.53,124,0.541,124,0.552,125,0.563,125,0.572,125,0.58,129,0.586,128,0.594,126,0.602,126,0.608,127,0.616,128,0.626,127,0.635,125,0.645,124,0.65,122,0.655,122,0.662,122,0.667,123
NLD,Netherlands,Europe,0.829,6,0.834,6,0.818,11,0.818,12,0.823,14,0.826,14,0.831,14,0.84,14,0.849,13,0.853,13,0.86,14,0.866,14,0.875,12,0.881,12,0.885,15,0.889,14,0.891,13,0.897,13,0.89,17,0.89,17,0.891,19,0.901,16,0.909,11,0.92,8,0.925,7,0.927,8,0.933,6,0.935,6
NZL,New Zealand,Oceania,0.818,7,0.82,8,0.791,21,0.799,20,0.804,19,0.808,19,0.811,20,0.816,20,0.817,22,0.821,22,0.827,23,0.835,23,0.842,23,0.851,21,0.862,20,0.871,20,0.883,17,0.887,18,0.896,15,0.898,15,0.901,16,0.904,14,0.911,10,0.915,10,0.923,9,0.927,9,0.93,9,0.933,7
NIC,Nicaragua,North America,0.489,105,0.498,105,,,,,,,,,,,,,,,,,0.595,109,0.602,109,0.609,111,0.614,111,0.621,114,0.628,116,0.634,116,0.646,114,0.653,113,0.659,113,0.666,111,0.674,110,0.683,109,0.69,110,0.695,110,0.698,108,0.703,107,0.71,105
NER,Niger,Africa,0.21,141,0.214,142,,,,,,,,,,,,,,,,,0.516,125,0.532,125,0.525,126,0.539,127,0.53,129,0.567,132,0.578,132,0.585,130,0.586,132,0.589,132,0.581,135,0.584,136,0.589,136,0.59,135,0.59,137,0.593,137,0.593,139,0.591,141
NGA,Nigeria,Africa,,,,,0.405,116,0.408,121,0.409,121,0.415,124,0.422,124,0.427,123,0.431,124,0.434,125,0.443,141,0.45,140,0.456,141,0.463,141,0.469,143,0.474,152,0.479,152,0.482,154,0.485,154,0.491,154,0.498,155,0.499,155,0.505,157,0.507,159,0.505,161,0.483,169,0.462,172,0.452,178
NOR,Norway,Europe,0.85,3,0.856,3,0.868,1,0.872,1,0.875,2,0.883,2,0.886,2,0.889,2,0.892,2,0.895,2,0.898,2,0.9,2,0.903,2,0.904,3,0.907,2,0.908,2,0.911,3,0.915,3,0.92,2,0.921,3,0.923,3,0.925,4,0.929,3,0.931,3,0.933,3,0.936,3,0.938,3,0.939,3
OMN,Oman,Asia,,,,,0.403,117,0.409,119,0.408,122,0.412,125,0.416,127,0.419,127,0.42,127,0.426,127,0.432,145,0.44,146,0.449,146,0.46,144,0.469,145,0.48,146,0.492,147,0.503,147,0.517,145,0.533,143,0.544,142,0.556,142,0.569,141,0.574,141,0.58,140,0.583,142,0.586,142,0.588,145
PAK,Pakistan,Asia,0.404,116,0.409,116,0.539,97,0.545,99,0.555,98,0.564,97,0.577,96,0.59,93,0.59,95,0.598,94,0.606,105,0.612,103,0.618,103,0.624,105,0.629,109,0.632,113,0.641,114,0.642,115,0.646,115,0.656,114,0.661,115,0.669,114,0.675,114,0.681,113,0.683,114,0.686,116,0.691,115,0.694,116
PLW,Palau,Oceania,,,,,0.394,121,0.398,123,0.405,123,0.41,126,0.42,125,0.426,124,0.432,123,0.439,124,0.446,140,0.447,142,0.457,139,0.462,142,0.469,144,0.475,151,0.486,149,0.491,151,0.502,151,0.514,149,0.529,148,0.535,148,0.548,148,0.554,148,0.56,148,0.566,148,0.569,148,0.574,149
PSE,Palestine,Asia,,,,,0.345,130,0.352,132,0.359,132,0.366,135,0.375,133,0.384,132,0.39,131,0.396,132,0.402,150,0.408,151,0.414,154,0.42,157,0.429,159,0.436,164,0.446,163,0.451,163,0.463,162,0.468,163,0.47,165,0.474,166,0.485,165,0.475,168,0.492,165,0.497,164,0.499,165,0.502,167
PAN,Panama,North America,0.66,58,0.665,58,0.718,41,0.721,39,0.727,40,0.731,41,0.735,42,0.74,43,0.736,43,0.743,44,0.752,47,0.751,48,0.754,49,0.759,49,0.762,50,0.767,50,0.772,50,0.777,52,0.781,53,0.783,54,0.782,54,0.787,55,0.795,55,0.796,55,0.796,57,0.797,57,0.799,57,0.8,58
PNG,Papua New Guinea,North America,0.38,122,0.388,122,0.601,79,0.588,88,0.569,92,0.563,98,0.568,99,0.576,97,0.58,97,0.587,98,0.594,110,0.602,110,0.604,113,0.611,112,0.615,115,0.616,118,0.621,119,0.628,119,0.631,121,0.636,121,0.636,122,0.639,122,0.649,121,0.658,121,0.663,121,0.666,121,0.669,121,0.672,122
PRY,Paraguay,South America,0.58,85,0.585,86,0.587,85,0.591,85,0.595,87,0.6,87,0.608,87,0.617,87,0.627,85,0.636,84,0.644,95,0.653,94,0.664,93,0.674,91,0.684,91,0.692,95,0.698,94,0.707,90,0.709,94,0.719,87,0.729,84,0.736,82,0.74,83,0.745,83,0.747,83,0.749,83,0.753,83,0.754,85
PER,Peru,South America,0.611,80,0.617,78,,,,,,,0.612,81,0.612,85,0.617,86,0.626,86,0.633,86,0.64,96,0.648,96,0.657,97,0.666,96,0.674,95,0.679,99,0.704,87,0.709,88,0.719,86,0.736,77,0.74,78,0.741,78,0.745,79,0.752,78,0.758,78,0.758,78,0.757,80,0.757,80
PHL,Philippines,Asia,0.586,83,0.587,85,0.58,89,0.588,89,0.599,84,0.605,86,0.612,86,0.623,84,0.636,81,0.642,81,0.647,94,0.652,95,0.663,94,0.672,94,0.68,94,0.693,94,0.706,85,0.72,81,0.727,81,0.724,83,0.728,86,0.731,84,0.737,85,0.742,85,0.745,86,0.748,84,0.749,84,0.755,83
POL,Poland,Europe,0.712,42,0.711,43,0.732,35,0.745,34,0.753,34,0.76,33,0.767,35,0.773,35,0.78,34,0.779,36,0.785,36,0.79,36,0.792,36,0.796,38,0.797,39,0.8,41,0.803,41,0.81,42,0.814,42,0.817,42,0.822,41,0.826,41,0.829,42,0.837,40,0.839,41,0.842,41,0.845,42,0.847,42
PRT,Portugal,Europe,0.711,43,0.72,39,0.757,27,0.765,27,0.769,28,0.775,29,0.778,30,0.779,30,0.783,32,0.786,32,0.792,34,0.792,34,0.791,38,0.793,39,0.792,41,0.791,43,0.793,43,0.796,44,0.796,45,0.794,48,0.796,48,0.798,48,0.8,50,0.807,49,0.81,48,0.832,45,0.846,41,0.846,43
QAT,Qatar,Asia,0.754,26,0.751,28,0.772,24,0.782,23,0.791,23,0.8,24,0.806,23,0.81,23,0.814,23,0.819,23,0.825,24,0.828,25,0.83,26,0.833,27,0.837,27,0.844,28,0.848,28,0.853,27,0.856,28,0.858,28,0.865,27,0.87,27,0.873,27,0.875,27,0.88,26,0.885,26,0.889,26,0.891,26
ROU,Romania,Europe,0.701,49,0.686,52,0.718,40,0.71,44,0.702,46,0.7,48,0.701,50,0.704,52,0.703,55,0.709,53,0.72,55,0.727,54,0.732,54,0.74,55,0.746,54,0.752,56,0.759,56,0.767,56,0.774,56,0.771,59,0.78,55,0.789,54,0.798,52,0.804,51,0.807,51,0.813,49,0.815,49,0.816,49
RUS,Russia,Asia,0.734,31,0.729,34,0.764,26,0.762,29,0.766,30,0.768,31,0.772,31,0.777,32,0.787,30,0.789,31,0.796,32,0.806,31,0.818,29,0.825,29,0.835,28,0.845,27,0.851,27,0.849,29,0.857,27,0.858,27,0.856,29,0.852,31,0.854,30,0.856,30,0.864,30,0.866,31,0.868,31,0.87,31
RWA,Rwanda,Africa,0.25,139,0.227,141,0.411,114,0.417,116,0.426,114,0.428,117,0.441,117,0.448,117,0.455,115,0.462,116,0.466,134,0.472,132,0.48,133,0.489,134,0.497,136,0.506,138,0.512,140,0.521,139,0.529,140,0.539,139,0.546,140,0.558,140,0.569,140,0.579,138,0.586,138,0.593,138,0.598,137,0.601,139
KNA,Saint Kitts and Nevis,North America,,,,,0.398,120,0.41,118,0.417,118,0.425,119,0.432,120,0.435,120,0.441,120,0.445,121,0.449,139,0.456,138,0.462,135,0.469,136,0.472,141,0.479,148,0.484,150,0.499,148,0.503,149,0.51,150,0.52,151,0.529,151,0.53,151,0.534,153,0.536,153,0.542,152,0.543,152,0.544,153
LCA,Saint Lucia,North America,,,,,0.499,103,0.495,106,0.495,107,0.492,110,0.487,111,0.48,111,0.478,113,0.469,114,0.467,133,0.461,135,0.458,137,0.46,143,0.46,151,0.461,156,0.466,157,0.473,157,0.48,156,0.489,156,0.493,156,0.498,157,0.505,158,0.505,160,0.509,159,0.511,159,0.516,160,0.52,159
VCT,Saint Vincent and the Grenadines,North America,,,,,0.387,122,0.399,122,0.411,120,0.418,123,0.428,121,0.427,122,0.435,122,0.441,122,0.442,142,0.442,144,0.449,145,0.451,148,0.461,150,0.466,154,0.475,153,0.476,156,0.476,158,0.484,158,0.487,158,0.49,160,0.499,161,0.508,157,0.514,157,0.514,157,0.516,159,0.52,160
WSM,Samoa,Oceania,0.62,73,0.622,76,0.663,57,0.656,65,0.652,68,0.654,69,0.665,63,0.669,63,0.672,63,0.679,61,0.686,68,0.692,68,0.694,72,0.704,71,0.718,67,0.731,66,0.753,60,0.77,54,0.78,54,0.782,55,0.779,56,0.778,58,0.767,68,0.765,72,0.768,73,0.772,73,0.774,73,0.777,73
STP,Sao Tome and Principe,Africa,0.453,111,0.455,112,0.589,83,0.596,83,0.6,81,0.606,85,0.613,84,0.618,85,0.622,87,0.625,87,0.624,99,0.632,98,0.642,98,0.64,100,0.646,102,0.649,107,0.649,109,0.655,109,0.664,106,0.659,110,0.675,105,0.68,106,0.68,111,0.695,106,0.698,106,0.702,106,0.702,108,0.702,111
SAU,Saudi Arabia,Asia,0.697,50,0.706,45,,,,,,,,,,,,,,,,,,,,,,,0.741,54,0.748,53,0.753,55,0.764,53,0.775,53,0.786,51,0.788,51,0.793,50,0.798,49,0.8,51,0.803,52,0.805,52,0.809,50,0.81,50,0.814,50
SEN,Senegal,Africa,0.367,126,0.367,128,0.548,94,0.562,94,0.572,91,0.578,92,0.589,90,0.594,90,0.597,90,0.6,92,0.604,107,0.607,107,0.609,110,0.605,114,0.611,118,0.614,121,0.614,121,0.618,123,0.621,123,0.624,123,0.63,124,0.639,123,0.642,122,0.645,123,0.648,124,0.651,124,0.652,124,0.654,126
SRB,Serbia,Europe,0.718,39,0.715,41,0.792,20,0.797,21,0.801,21,0.805,21,0.807,21,0.81,22,0.812,24,0.818,25,0.819,26,0.82,28,0.823,28,0.828,28,0.834,29,0.838,29,0.84,30,0.84,31,0.84,32,0.842,31,0.842,33,0.846,32,0.852,32,0.853,34,0.853,35,0.852,38,0.852,40,0.853,39
SYC,Seychelles,Africa,,,,,0.414,113,0.418,115,0.423,116,0.428,118,0.433,118,0.437,119,0.441,119,0.445,120,0.45,138,0.457,136,0.465,134,0.473,135,0.487,137,0.5,141,0.505,141,0.513,143,0.515,146,0.522,145,0.526,149,0.53,150,0.535,150,0.538,151,0.548,150,0.551,149,0.56,149,0.562,150
SLE,Sierra Leone,Africa,0.275,138,0.267,139,,,,,,,,,,,,,,,,,,,,,,,,,,,0.572,130,0.579,130,0.582,132,0.589,131,0.59,131,0.591,133,0.592,133,0.592,135,0.597,134,0.598,135,0.599,136,0.6,136,0.603,138
SGP,Singapore,Asia,0.718,38,0.729,35,0.733,34,0.737,35,0.743,36,0.751,36,0.754,37,0.757,38,0.763,38,0.762,40,0.764,43,0.764,46,0.771,44,0.777,44,0.785,44,0.794,42,0.803,42,0.814,40,0.822,39,0.824,38,0.829,36,0.837,36,0.842,37,0.844,38,0.845,39,0.851,40,0.853,39,0.855,38
SVK,Slovakia,Europe,0.739,30,0.734,33,0.719,38,0.712,43,0.716,44,0.727,43,0.738,41,0.751,39,0.763,39,0.769,38,0.78,39,0.79,37,0.799,35,0.806,35,0.814,35,0.825,34,0.832,32,0.839,32,0.841,31,0.839,32,0.845,31,0.853,30,0.859,29,0.862,29,0.864,29,0.866,30,0.868,30,0.871,30
SVN,Slovenia,Europe,0.767,23,0.765,24,0.746,30,0.756,30,0.767,29,0.778,28,0.789,27,0.8,26,0.797,29,0.808,28,0.817,28,0.824,26,0.832,25,0.839,25,0.847,25,0.855,26,0.862,25,0.869,25,0.874,25,0.869,25,0.884,23,0.888,23,0.89,23,0.893,22,0.896,22,0.898,23,0.9,23,0.903,23
SLB,Solomon Islands,Oceania,,,,,,,0.34,134,0.334,134,0.333,138,0.337,139,0.334,139,0.334,139,0.331,142,0.333,162,0.333,163,0.34,165,0.349,165,0.357,170,0.364,177,0.372,177,0.379,177,0.39,178,0.397,179,0.407,179,0.415,180,0.42,179,0.426,178,0.436,177,0.444,176,0.452,176,0.457,176
ZAF,South Africa,Africa,0.618,76,0.626,74,0.635,67,0.637,71,0.646,69,0.65,70,0.655,71,0.662,70,0.668,67,0.676,66,0.685,70,0.691,69,0.697,69,0.705,69,0.711,71,0.718,74,0.724,75,0.73,76,0.738,75,0.74,75,0.745,74,0.751,74,0.757,73,0.759,74,0.763,75,0.766,77,0.768,76,0.77,76
SSD,South Sudan,Africa,,,,,0.216,138,0.22,141,0.224,141,0.229,146,0.235,147,0.238,147,0.246,147,0.25,150,0.252,172,0.258,172,0.263,174,0.266,176,0.274,179,0.283,186,0.289,186,0.294,186,0.303,186,0.308,186,0.318,188,0.325,188,0.336,188,0.34,188,0.345,188,0.347,188,0.351,188,0.354,189
ESP,Spain,Europe,0.754,25,0.764,25,0.766,25,0.769,26,0.775,26,0.8,22,0.788,28,0.796,27,0.805,25,0.819,24,0.825,25,0.835,24,0.843,21,0.85,22,0.857,22,0.861,23,0.869,23,0.873,24,0.878,24,0.878,24,0.882,25,0.884,25,0.877,25,0.885,25,0.887,25,0.889,25,0.894,25,0.896,25
LKA,Sri Lanka,Asia,0.625,71,0.63,69,,,,,,,,,,,,,,,,,0.673,78,0.678,79,0.684,80,0.693,76,0.701,75,0.712,78,0.718,79,0.73,77,0.728,79,0.731,79,0.735,79,0.741,79,0.75,77,0.757,75,0.765,74,0.771,74,0.776,71,0.78,71
SDN,Sudan,Asia,0.331,133,0.336,134,0.513,101,0.521,103,0.524,103,0.529,104,0.534,105,0.541,104,0.546,105,0.549,105,0.554,119,0.559,119,0.563,122,0.568,123,0.574,124,0.58,128,0.586,127,0.593,127,0.59,130,0.591,130,0.596,131,0.598,132,0.597,134,0.6,133,0.603,133,0.609,134,0.614,132,0.617,133
SUR,Suriname,South America,,,,,,,,,,,,,,,,,,,,,0.456,135,0.462,134,0.457,138,0.466,139,0.472,142,0.479,149,0.484,151,0.491,152,0.5,152,0.503,151,0.504,154,0.504,154,0.507,155,0.509,156,0.512,158,0.514,158,0.517,158,0.519,161
SWE,Sweden,Europe,0.816,8,0.818,9,0.821,10,0.84,6,0.849,6,0.856,6,0.863,6,0.874,4,0.888,3,0.893,3,0.897,3,0.9,3,0.902,3,0.908,2,0.896,6,0.899,6,0.902,6,0.905,6,0.901,10,0.899,10,0.905,10,0.906,11,0.908,13,0.912,14,0.92,11,0.929,7,0.932,7,0.933,8
CHE,Switzerland,Europe,0.832,5,0.834,5,0.814,12,0.824,11,0.829,11,0.834,12,0.839,12,0.844,12,0.85,11,0.855,12,0.868,9,0.877,7,0.883,6,0.889,7,0.897,5,0.903,5,0.911,4,0.915,4,0.917,4,0.917,4,0.921,4,0.926,3,0.928,4,0.928,5,0.93,4,0.933,4,0.934,4,0.936,5
SYR,Syria,Asia,,,0.562,93,,,,,,,,,,,,,,,,,,,,,,,,,,,0.396,173,0.404,173,0.409,173,0.415,173,0.421,173,0.426,174,0.435,174,0.437,174,0.44,174,0.445,174,0.449,175,0.453,175,0.455,177
TJK,Tajikistan,Asia,0.623,72,0.618,77,,,,,,,,,,,,,,,,,,,,,,,,,,,0.727,72,0.73,72,0.733,75,0.738,74,0.74,74,0.745,73,0.751,73,0.756,75,0.763,73,0.77,72,0.773,72,0.774,72,0.778,72
TZA,Tanzania,Africa,0.37,125,0.371,126,,,,,,,,,,,,,,,,,0.57,116,0.575,116,0.585,116,0.589,117,0.592,119,0.598,122,0.613,122,0.619,122,0.625,122,0.626,122,0.629,125,0.635,125,0.636,124,0.642,125,0.644,126,0.647,125,0.652,125,0.654,125
THA,Thailand,Asia,0.574,91,0.583,88,,,,,,,,,,,,,,,,,0.69,67,0.687,72,0.689,73,0.692,77,0.695,80,0.7,83,0.711,82,0.713,83,0.719,84,0.724,84,0.731,83,0.734,83,0.73,88,0.733,89,0.737,90,0.744,86,0.745,91,0.747,91
MKD,Macedonia,Europe,,,,,0.213,139,0.209,143,0.199,143,0.234,145,0.262,145,0.288,143,0.302,142,0.32,144,0.335,161,0.345,161,0.361,163,0.374,164,0.391,166,0.408,170,0.429,166,0.445,164,0.455,164,0.47,162,0.485,160,0.493,159,0.5,160,0.503,161,0.509,160,0.51,160,0.52,157,0.524,158
TLS,Timor-Leste,Asia,,,,,0.387,123,0.386,126,0.386,126,0.387,130,0.388,130,0.391,131,0.389,132,0.392,133,0.394,155,0.396,156,0.399,157,0.402,160,0.407,163,0.413,168,0.418,169,0.424,171,0.43,171,0.437,171,0.442,171,0.445,172,0.454,172,0.462,171,0.465,172,0.478,170,0.486,169,0.492,170
TGO,Togo,Africa,0.405,115,0.408,117,0.557,92,0.562,93,0.569,93,0.576,95,0.584,92,0.591,92,0.592,93,0.605,90,0.611,102,0.616,101,0.62,102,0.622,107,0.628,110,0.634,112,0.642,113,0.65,112,0.658,111,0.66,109,0.665,113,0.668,115,0.675,115,0.68,114,0.683,115,0.691,114,0.694,113,0.696,115
TON,Tonga,Oceania,0.648,62,0.654,61,,,,,,,,,,,,,,,,,0.718,57,0.714,62,0.716,63,0.717,66,0.715,68,0.73,67,0.72,77,0.741,70,0.741,71,0.741,72,0.747,72,0.741,77,0.77,66,0.779,63,0.786,62,0.791,61,0.793,62,0.797,62
TTO,Trinidad and Tobago,North America,0.672,56,0.673,55,0.666,55,0.695,48,0.721,41,0.747,37,0.772,32,0.775,33,0.781,33,0.786,33,0.786,35,0.786,39,0.788,39,0.791,41,0.789,42,0.783,46,0.788,47,0.788,48,0.789,50,0.79,49,0.792,51,0.794,52,0.796,53,0.795,56,0.799,55,0.802,55,0.804,55,0.803,56
TUN,Tunisia,Africa,0.569,93,0.575,91,0.561,91,0.547,98,0.55,99,0.555,99,0.561,100,0.568,100,0.576,99,0.582,100,0.589,113,0.6,112,0.609,112,0.622,108,0.637,106,0.65,106,0.66,104,0.672,104,0.683,104,0.689,102,0.697,103,0.711,99,0.72,96,0.729,91,0.734,92,0.737,93,0.743,92,0.741,93
TUR,Turkey,Asia,0.579,86,0.583,87,0.521,100,0.531,101,0.541,100,0.55,102,0.559,101,0.568,101,0.576,100,0.585,99,0.594,111,0.602,111,0.611,109,0.623,106,0.635,108,0.647,110,0.661,103,0.675,103,0.685,103,0.694,101,0.706,99,0.714,98,0.722,93,0.729,90,0.738,89,0.743,89,0.748,87,0.752,86
TKM,Turkmenistan,Asia,,,,,0.399,119,0.39,124,0.396,124,0.409,127,0.417,126,0.424,125,0.423,126,0.424,128,0.425,148,0.426,149,0.427,150,0.431,151,0.434,155,0.436,163,0.443,164,0.441,166,0.44,166,0.449,168,0.456,169,0.463,169,0.466,169,0.472,169,0.481,169,0.495,165,0.5,164,0.503,166
UGA,Uganda,Europe,0.311,135,0.311,136,,,,,,,,,,,,,,,,,0.552,121,0.567,118,0.566,120,0.57,121,0.568,126,0.585,126,0.58,129,0.582,131,0.585,133,0.584,133,0.59,134,0.59,135,0.598,133,0.609,131,0.616,131,0.621,132,0.61,134,0.612,135
UKR,Ukraine,Europe,0.705,44,0.701,46,0.719,39,0.713,42,0.718,43,0.727,42,0.734,43,0.741,42,0.747,42,0.753,42,0.759,44,0.766,45,0.768,46,0.774,46,0.783,46,0.788,44,0.788,45,0.795,45,0.806,43,0.804,43,0.808,44,0.814,46,0.819,44,0.828,44,0.833,44,0.84,43,0.842,44,0.843,44
ARE,United Arab Emirates,Asia,0.727,37,0.738,31,0.753,28,0.764,28,0.775,27,0.784,27,0.796,25,0.8,25,0.804,26,0.808,27,0.81,29,0.811,29,0.816,30,0.823,31,0.826,31,0.831,32,0.827,35,0.83,34,0.835,34,0.833,34,0.825,38,0.836,37,0.844,36,0.854,32,0.853,34,0.854,35,0.855,36,0.856,37
GBR,United Kingdom,Europe,0.775,21,0.788,18,0.795,19,0.799,19,0.803,20,0.808,20,0.817,19,0.826,18,0.834,20,0.849,17,0.855,18,0.861,17,0.863,18,0.864,19,0.872,17,0.878,17,0.881,18,0.888,17,0.89,18,0.883,20,0.889,20,0.892,20,0.892,22,0.892,23,0.895,23,0.899,22,0.904,21,0.904,21
USA,United States,North America,0.86,2,0.861,2,0.836,5,0.841,5,0.844,9,0.848,9,0.854,9,0.864,6,0.873,5,0.881,5,0.889,4,0.891,4,0.891,4,0.896,4,0.901,3,0.905,3,0.912,2,0.915,2,0.917,3,0.927,2,0.932,2,0.932,2,0.935,2,0.938,2,0.939,2,0.942,2,0.943,2,0.944,2
URY,Uruguay,South America,0.692,52,0.697,49,0.678,50,0.678,53,0.681,53,0.687,54,0.695,52,0.696,56,0.698,57,0.704,57,0.709,62,0.715,61,0.724,60,0.734,59,0.746,56,0.755,54,0.767,52,0.781,50,0.795,47,0.798,46,0.797,47,0.798,47,0.795,54,0.8,53,0.802,53,0.805,54,0.807,52,0.811,52
UZB,Uzbekistan,Asia,,,,,0.368,127,0.367,129,0.366,130,0.368,134,0.369,135,0.37,135,0.373,135,0.375,138,0.38,159,0.395,157,0.4,156,0.407,158,0.415,161,0.422,166,0.427,167,0.436,167,0.445,165,0.449,167,0.456,168,0.467,168,0.476,168,0.481,167,0.486,168,0.492,168,0.499,166,0.505,164
VUT,Vanuatu,Oceania,,,,,,,,,,,,,,,,,,,,,0.283,171,0.298,170,0.306,172,0.31,173,0.325,174,0.346,180,0.362,180,0.378,179,0.394,177,0.401,176,0.412,177,0.423,175,0.43,175,0.438,175,0.445,175,0.451,174,0.457,174,0.463,173
VEN,Venezuela,South America,0.634,69,0.644,66,0.673,53,0.675,55,0.679,55,0.683,56,0.69,56,0.697,55,0.704,54,0.711,52,0.716,58,0.721,58,0.728,57,0.737,57,0.746,55,0.752,57,0.757,57,0.768,55,0.773,58,0.772,58,0.775,58,0.773,61,0.774,62,0.779,62,0.779,66,0.783,64,0.785,66,0.784,69
VNM,Vietnam,Asia,0.475,107,0.484,107,,,,,,,,,,,,,,,,,,,,,,,,,,,,,,,,,,,,,,,,,,,,,,,,,,,0.708,107
YEM,Yemen,Asia,0.399,119,0.403,119,,,,,,,,,,,,,,,,,,,,,,,,,0.65,100,0.657,103,0.658,106,0.663,105,0.66,108,0.67,105,0.672,107,0.677,108,0.687,106,0.679,115,0.679,116,0.687,115,0.689,116,0.686,119
ZMB,Zambia,Africa,0.401,117,0.402,120,0.496,104,0.506,105,0.517,104,0.529,105,0.54,103,0.539,105,0.559,103,0.567,101,0.579,114,0.587,114,0.595,115,0.603,116,0.612,117,0.616,119,0.624,118,0.632,117,0.64,117,0.656,115,0.654,117,0.664,117,0.67,117,0.675,116,0.678,117,0.684,117,0.689,117,0.694,117
ZWE,Zimbabwe,Africa,0.491,104,0.494,106,0.624,70,0.63,72,0.611,79,0.618,80,0.628,80,0.63,80,0.636,80,0.642,80,0.647,93,0.654,93,0.659,95,0.663,97,0.669,98,0.673,102,0.675,102,0.681,102,0.685,102,0.687,103,0.693,104,0.697,104,0.697,104,0.7,104,0.703,104,0.706,104,0.711,104,0.713,104
